GenericControllerType,15001,ObjectType
GenericControllerType_SetPoint,15002,Variable
GenericControllerType_Ki,15003,Variable
GenericControllerType_Kp,15004,Variable
GenericControllerType_Kd,15005,Variable
AnalogOutputType,15006,ObjectType
AnalogOutputType_Input,15007,Variable
AnalogInputType,15008,ObjectType
AnalogInputType_Output,15009,Variable
AnalogInputType_HighLimt,15010,Variable
AnalogInputType_LowLimit,15011,Variable
AnalogInputType_HighLimtAlarm,15012,Variable
AnalogInputType_LowLimitAlarm,15013,Variable
DigitalType,15014,ObjectType
DigitalType_Value,15015,Variable
ValveType,15016,ObjectType
ValveType_Input,15017,Variable
AnalogSensorType,15018,ObjectType
AnalogSensorType_Output,15019,Variable
AnalogSensorType_HighLimt,15020,Variable
AnalogSensorType_LowLimit,15021,Variable
AnalogSensorType_HighLimtAlarm,15022,Variable
AnalogSensorType_LowLimitAlarm,15023,Variable
ButtonType,15024,ObjectType
ButtonType_Value,15025,Variable
Plant1,15026,Object
Plant1_Tank1,15027,Object
Plant1_Tank1_LevelController,15028,Object
Plant1_Tank1_LevelController_SetPoint,15029,Variable
Plant1_Tank1_LevelController_Ki,15030,Variable
Plant1_Tank1_LevelController_Kp,15031,Variable
Plant1_Tank1_LevelController_Kd,15032,Variable
Plant1_Tank1_InputPipe,15033,Object
Plant1_Tank1_InputPipe_FillValve,15034,Object
Plant1_Tank1_InputPipe_FillValve_Input,15035,Variable
Plant1_Tank1_OutputPipe,15036,Object
Plant1_Tank1_OutputPipe_DischargeValve,15037,Object
Plant1_Tank1_OutputPipe_DischargeValve_Input,15038,Variable
Plant1_Tank1_OutputPipe_FlowMeter,15039,Object
Plant1_Tank1_OutputPipe_FlowMeter_Output,15040,Variable
Plant1_Tank1_OutputPipe_FlowMeter_HighLimt,15041,Variable
Plant1_Tank1_OutputPipe_FlowMeter_LowLimit,15042,Variable
Plant1_Tank1_OutputPipe_FlowMeter_HighLimtAlarm,15043,Variable
Plant1_Tank1_OutputPipe_FlowMeter_LowLimitAlarm,15044,Variable
Plant1_Tank1_OperationButton,15045,Object
Plant1_Tank1_OperationButton_StartButton,15046,Object
Plant1_Tank1_OperationButton_StartButton_Value,15047,Variable
Plant1_Tank1_OperationButton_StopButton,15048,Object
Plant1_Tank1_OperationButton_StopButton_Value,15049,Variable
Plant1_Tank1_OperationButton_ResetButton,15050,Object
Plant1_Tank1_OperationButton_ResetButton_Value,15051,Variable
Plant1_Tank1_OperationButton_modeButton,15052,Object
Plant1_Tank1_OperationButton_modeButton_Value,15053,Variable
